template_id,resi_comb_ordered,pdbid,residue1,residue2,residue3,residue4
1,"{C,C,C,C}",5urb,B_142,B_155,B_158,B_145
2,"{D,H,H,D}",3v94,F_521,F_372,F_409,F_410
3,"{E,H,H}",4nrn,A_58,A_47,A_60,
4,"{C,C,H}",2wjy,A_123,A_145,A_155,
5,"{H,H,H}",3sxk,B_134,B_196,B_174,
6,"{D,E,H,E}",4k2h,C_22,D_13,D_46,D_14
7,"{E,E,H,E}",1j30,A_53,B_126,B_129,B_92
8,"{D,H,D}",1f2p,A_97,A_85,A_160,
9,"{D,H,E}",2ux1,K_74,I_47,K_78,
10,"{C,C,C,H}",3alr,A_92,A_119,A_95,A_108
11,"{C,D,H,H}",5f7t,F_108,F_111,F_125,F_128
12,"{C,D,C,H}",1n4q,J_271,J_269,Q_508,J_321
13,"{E,H,D,D}",1xll,A_216,A_219,A_256,A_254
14,"{C,C,C}",1du3,J_230,K_230,L_230,
15,"{D,H,H}",4ox3,A_192,A_185,A_244,
16,"{E,H,Y,H}",4la2,B_129,B_125,B_131,B_163
17,"{C,H,H}",6slf,C_105,C_107,C_168,
18,"{C,E,H}",3kdk,B_604,B_468,B_606,
19,"{C,C,H,H}",4fk5,A_60,A_63,A_83,A_77
20,"{H,Y,H,H}",5ze3,A_626,A_689,A_628,A_630
21,"{E,H,E,H}",3rym,A_105,A_36,C_105,C_36
22,"{D,H,H,H}",1u10,A_120,A_110,A_113,A_211
23,"{D,N,D}",2f4l,A_148,A_146,A_173,
24,"{D,D,E}",6oad,B_200,B_277,B_279,
25,"{E,E,H}",3q4r,A_54,A_113,A_146,
26,"{C,D,C,C}",4txd,A_130,A_149,A_155,A_152
27,"{C,C,D}",5h7r,D_46,D_65,D_68,
28,"{E,H,C,C}",4ybg,A_131,A_291,A_300,A_288
29,"{D,H,E,H}",4cz1,B_56,B_50,B_173,B_54
30,"{E,E,E}",2gyq,A_26,A_117,A_147,
31,"{C,D,H}",1m2x,B_221,B_120,B_263,
32,"{H,H,H,E}",1lr5,A_57,A_106,A_59,A_63
33,"{D,D,D}",4fc5,A_61,A_157,A_246,
34,"{D,E,E}",3psq,A_66,A_86,A_90,
35,"{C,H,H,H}",4k1r,A_397,A_356,A_404,A_406
36,"{C,E,C}",2i2x,I_269,I_164,I_220,
37,"{D,N,H,H}",1qwy,A_214,A_117,A_210,A_293
38,"{H,H,H,H}",3ht2,C_53,C_55,C_59,C_95
39,"{D,H,D,S}",3e2d,B_315,B_316,B_12,B_65
40,"{D,E,E,D}",5zon,C_44,C_68,C_67,C_83
41,"{E,T,D,H}",2gsn,A_54,A_90,A_257,A_258
42,"{C,E,C,C}",5opj,A_416,A_339,A_341,A_417
